call_id,run,physical_ids,track_id,source_request_ids,server_start,duration_ms,result,error,input_lines,latest_evidence_to_http_start_ms_estimate
1,v1-ocr-cold,"[""A""]",2,"[""361:2:4""]",2756.651536738,900.81,"{""model"": ""jev-1.13.0"", ""answer"": {""type"": ""choice"", ""choice"": ""aqua-minerale-0-5l"", ""confidence"": 0.77, ""probabilities"": {""aqua-minerale-0-5l"": 0.8, ""dobryi-cola-no-sugar-0-5l"": 0.0, ""domik-v-derevne-2-5-930ml"": 0.0, ""senezhskaya-0-5l"": 0.0, ""saint-spring-0-75l"": 0.0, ""other_product"": 0.01, ""insufficient_evidence"": 0.19, ""prostokvashino-2-5-930ml"": 0.0, ""stantsiya-molochnaya-kefir-1-0-430g"": 0.0}}, ""usage"": {""input_tokens"": 2262, ""output_tokens"": 181}, ""status"": ""candidate"", ""exact_sku_verified"": false}",,"[{""text"": ""AKBA"", ""score"": 0.9818018674850464}]",0.4
2,v1-ocr-cold,"[""S""]",2,"[""372:2:11""]",2761.949673932,837.6,"{""model"": ""jev-1.13.0"", ""answer"": {""type"": ""choice"", ""choice"": ""senezhskaya-0-5l"", ""confidence"": 1.0, ""probabilities"": {""prostokvashino-2-5-930ml"": 0.0, ""insufficient_evidence"": 0.0, ""stantsiya-molochnaya-kefir-1-0-430g"": 0.0, ""domik-v-derevne-2-5-930ml"": 0.0, ""senezhskaya-0-5l"": 1.0, ""other_product"": 0.0, ""aqua-minerale-0-5l"": 0.0, ""dobryi-cola-no-sugar-0-5l"": 0.0, ""saint-spring-0-75l"": 0.0}}, ""usage"": {""input_tokens"": 2355, ""output_tokens"": 181}, ""status"": ""candidate"", ""exact_sku_verified"": false}",,"[{""text"": ""11074"", ""score"": 0.47228947281837463}, {""text"": ""НEГАЗИРОВАННАЯ"", ""score"": 0.6080764532089233}, {""text"": ""СЕНЕЖСКАЯ"", ""score"": 0.6825115084648132}]",0.21
3,v1-ocr-cold,"[""S""]",5,"[""384:5:25""]",2769.212013528,807.05,"{""model"": ""jev-1.13.0"", ""answer"": {""type"": ""choice"", ""choice"": ""senezhskaya-0-5l"", ""confidence"": 0.96, ""probabilities"": {""prostokvashino-2-5-930ml"": 0.01, ""insufficient_evidence"": 0.02, ""dobryi-cola-no-sugar-0-5l"": 0.0, ""stantsiya-molochnaya-kefir-1-0-430g"": 0.0, ""aqua-minerale-0-5l"": 0.0, ""other_product"": 0.0, ""domik-v-derevne-2-5-930ml"": 0.0, ""saint-spring-0-75l"": 0.0, ""senezhskaya-0-5l"": 0.97}}, ""usage"": {""input_tokens"": 2308, ""output_tokens"": 181}, ""status"": ""candidate"", ""exact_sku_verified"": false}",,"[{""text"": ""пнтосиля"", ""score"": 0.254874587059021}, {""text"": ""СEНЕЖCKAЯ"", ""score"": 0.5675244331359863}]",0.26
4,v1-ocr-cold,"[""P""]",2,"[""420:2:105""]",2790.522288773,927.95,"{""model"": ""jev-1.13.0"", ""answer"": {""type"": ""choice"", ""choice"": ""insufficient_evidence"", ""confidence"": 0.82, ""probabilities"": {""domik-v-derevne-2-5-930ml"": 0.1, ""other_product"": 0.01, ""prostokvashino-2-5-930ml"": 0.05, ""aqua-minerale-0-5l"": 0.0, ""insufficient_evidence"": 0.84, ""senezhskaya-0-5l"": 0.0, ""saint-spring-0-75l"": 0.0, ""dobryi-cola-no-sugar-0-5l"": 0.0, ""stantsiya-molochnaya-kefir-1-0-430g"": 0.0}}, ""usage"": {""input_tokens"": 2338, ""output_tokens"": 178}, ""status"": ""needs_more_evidence"", ""exact_sku_verified"": false}",,"[{""text"": ""2,5%"", ""score"": 0.9659038186073303}, {""text"": ""in"", ""score"": 0.26576894521713257}, {""text"": ""МОЛОКО"", ""score"": 0.8915605545043945}]",0.21
5,v1-ocr-cold,"[""A""]",4,"[""421:4:107""]",2791.287948443,817.37,"{""model"": ""jev-1.13.0"", ""answer"": {""type"": ""choice"", ""choice"": ""aqua-minerale-0-5l"", ""confidence"": 0.8, ""probabilities"": {""stantsiya-molochnaya-kefir-1-0-430g"": 0.0, ""saint-spring-0-75l"": 0.0, ""aqua-minerale-0-5l"": 0.83, ""senezhskaya-0-5l"": 0.02, ""prostokvashino-2-5-930ml"": 0.0, ""dobryi-cola-no-sugar-0-5l"": 0.0, ""insufficient_evidence"": 0.13, ""domik-v-derevne-2-5-930ml"": 0.0, ""other_product"": 0.02}}, ""usage"": {""input_tokens"": 2335, ""output_tokens"": 181}, ""status"": ""candidate"", ""exact_sku_verified"": false}",,"[{""text"": ""2992"", ""score"": 0.3386506140232086}, {""text"": ""AKBA"", ""score"": 0.9643429517745972}, {""text"": ""КAЯ"", ""score"": 0.5493099093437195}]",0.21
6,v1-ocr-cold,"[""D""]",6,"[""422:6:109""]",2793.068904258,842.06,"{""model"": ""jev-1.13.0"", ""answer"": {""type"": ""choice"", ""choice"": ""domik-v-derevne-2-5-930ml"", ""confidence"": 0.56, ""probabilities"": {""domik-v-derevne-2-5-930ml"": 0.61, ""other_product"": 0.09, ""prostokvashino-2-5-930ml"": 0.0, ""dobryi-cola-no-sugar-0-5l"": 0.0, ""saint-spring-0-75l"": 0.1, ""insufficient_evidence"": 0.18, ""stantsiya-molochnaya-kefir-1-0-430g"": 0.01, ""aqua-minerale-0-5l"": 0.01, ""senezhskaya-0-5l"": 0.0}}, ""usage"": {""input_tokens"": 2458, ""output_tokens"": 187}, ""status"": ""candidate"", ""exact_sku_verified"": false}",,"[{""text"": ""OMUK"", ""score"": 0.5617832541465759}, {""text"": ""БОЛЬШЕ"", ""score"": 0.9581322073936462}, {""text"": ""Вдеревне"", ""score"": 0.5467591881752014}, {""text"": ""СВЯТОЙ"", ""score"": 0.6732304692268372}, {""text"": ""ФЕПМ"", ""score"": 0.6664794087409973}, {""text"": ""•УЗНАТЬ"", ""score"": 0.8755427598953247}]",0.34
7,v1-ocr-cold,"[""D""]",6,"[""422:6:109"", ""434:6:118""]",2805.912797343,791.11,"{""model"": ""jev-1.13.0"", ""answer"": {""type"": ""choice"", ""choice"": ""domik-v-derevne-2-5-930ml"", ""confidence"": 0.77, ""probabilities"": {""other_product"": 0.04, ""senezhskaya-0-5l"": 0.0, ""prostokvashino-2-5-930ml"": 0.0, ""aqua-minerale-0-5l"": 0.0, ""stantsiya-molochnaya-kefir-1-0-430g"": 0.0, ""insufficient_evidence"": 0.11, ""saint-spring-0-75l"": 0.04, ""dobryi-cola-no-sugar-0-5l"": 0.0, ""domik-v-derevne-2-5-930ml"": 0.81}}, ""usage"": {""input_tokens"": 2598, ""output_tokens"": 187}, ""status"": ""candidate"", ""exact_sku_verified"": false}",,"[{""text"": ""MOΛOK"", ""score"": 0.5864604711532593}, {""text"": ""OMUK"", ""score"": 0.5617832541465759}, {""text"": ""TOU"", ""score"": 0.641355574131012}, {""text"": ""uc"", ""score"": 0.5457426905632019}, {""text"": ""БОЛЬШЕ"", ""score"": 0.9581322073936462}, {""text"": ""Вдеревне"", ""score"": 0.5467591881752014}, {""text"": ""СВЯТОЙ"", ""score"": 0.6732304692268372}, {""text"": ""ФЕПМ"", ""score"": 0.6664794087409973}, {""text"": ""ФЕРМ"", ""score"": 0.740921139717102}, {""text"": ""•УЗНАТЬ"", ""score"": 0.8755427598953247}]",5445.17
8,v2-warm-a,"[""D""]",1,"[""437:1:119""]",2823.330860738,877.11,"{""model"": ""jev-1.13.0"", ""answer"": {""type"": ""choice"", ""choice"": ""insufficient_evidence"", ""confidence"": 0.73, ""probabilities"": {""prostokvashino-2-5-930ml"": 0.0, ""insufficient_evidence"": 0.77, ""aqua-minerale-0-5l"": 0.01, ""other_product"": 0.02, ""senezhskaya-0-5l"": 0.01, ""stantsiya-molochnaya-kefir-1-0-430g"": 0.01, ""dobryi-cola-no-sugar-0-5l"": 0.0, ""domik-v-derevne-2-5-930ml"": 0.18, ""saint-spring-0-75l"": 0.0}}, ""usage"": {""input_tokens"": 2264, ""output_tokens"": 178}, ""status"": ""needs_more_evidence"", ""exact_sku_verified"": false}",,"[{""text"": ""ФЕРМ"", ""score"": 0.7380644083023071}]",0.2
9,v2-warm-a,"[""P""]",3,"[""437:3:121""]",2824.140556764,10853.26,"{""model"": ""jev-1.13.0"", ""answer"": {""type"": ""choice"", ""choice"": ""insufficient_evidence"", ""confidence"": 0.82, ""probabilities"": {""other_product"": 0.01, ""saint-spring-0-75l"": 0.0, ""insufficient_evidence"": 0.83, ""domik-v-derevne-2-5-930ml"": 0.11, ""dobryi-cola-no-sugar-0-5l"": 0.0, ""prostokvashino-2-5-930ml"": 0.05, ""aqua-minerale-0-5l"": 0.0, ""stantsiya-molochnaya-kefir-1-0-430g"": 0.0, ""senezhskaya-0-5l"": 0.0}}, ""usage"": {""input_tokens"": 2303, ""output_tokens"": 178}, ""status"": ""needs_more_evidence"", ""exact_sku_verified"": false}",,"[{""text"": ""2,5%"", ""score"": 0.9589107632637024}, {""text"": ""МОЛОКО"", ""score"": 0.8835026621818542}]",0.24
10,v2-warm-a,"[""A""]",4,"[""437:4:122""]",2824.538123927,853.37,"{""model"": ""jev-1.13.0"", ""answer"": {""type"": ""choice"", ""choice"": ""aqua-minerale-0-5l"", ""confidence"": 0.83, ""probabilities"": {""domik-v-derevne-2-5-930ml"": 0.0, ""other_product"": 0.01, ""dobryi-cola-no-sugar-0-5l"": 0.0, ""aqua-minerale-0-5l"": 0.86, ""senezhskaya-0-5l"": 0.0, ""prostokvashino-2-5-930ml"": 0.0, ""saint-spring-0-75l"": 0.0, ""insufficient_evidence"": 0.13, ""stantsiya-molochnaya-kefir-1-0-430g"": 0.0}}, ""usage"": {""input_tokens"": 2298, ""output_tokens"": 181}, ""status"": ""candidate"", ""exact_sku_verified"": false}",,"[{""text"": ""AKBA"", ""score"": 0.9827733039855957}, {""text"": ""МИH"", ""score"": 0.4010829031467438}]",0.21
11,v2-warm-a,"[""S""]",5,"[""438:5:124""]",2825.135421226,822.63,"{""model"": ""jev-1.13.0"", ""answer"": {""type"": ""choice"", ""choice"": ""senezhskaya-0-5l"", ""confidence"": 0.98, ""probabilities"": {""senezhskaya-0-5l"": 0.98, ""saint-spring-0-75l"": 0.0, ""insufficient_evidence"": 0.02, ""prostokvashino-2-5-930ml"": 0.0, ""aqua-minerale-0-5l"": 0.0, ""other_product"": 0.0, ""dobryi-cola-no-sugar-0-5l"": 0.0, ""domik-v-derevne-2-5-930ml"": 0.0, ""stantsiya-molochnaya-kefir-1-0-430g"": 0.0}}, ""usage"": {""input_tokens"": 2269, ""output_tokens"": 181}, ""status"": ""candidate"", ""exact_sku_verified"": false}",,"[{""text"": ""СЕНЕЖСКАЯ"", ""score"": 0.8311104774475098}]",0.19
12,v2-warm-a,"[""D""]",1,"[""437:1:119"", ""440:1:128""]",2836.994143407,842.97,"{""model"": ""jev-1.13.0"", ""answer"": {""type"": ""choice"", ""choice"": ""insufficient_evidence"", ""confidence"": 0.47, ""probabilities"": {""dobryi-cola-no-sugar-0-5l"": 0.0, ""saint-spring-0-75l"": 0.01, ""other_product"": 0.04, ""stantsiya-molochnaya-kefir-1-0-430g"": 0.01, ""insufficient_evidence"": 0.53, ""senezhskaya-0-5l"": 0.02, ""aqua-minerale-0-5l"": 0.01, ""prostokvashino-2-5-930ml"": 0.01, ""domik-v-derevne-2-5-930ml"": 0.37}}, ""usage"": {""input_tokens"": 2335, ""output_tokens"": 178}, ""status"": ""needs_more_evidence"", ""exact_sku_verified"": false}",,"[{""text"": ""BЕР"", ""score"": 0.5056619048118591}, {""text"": ""npo"", ""score"": 0.6612511277198792}, {""text"": ""ФЕРМ"", ""score"": 0.7380644083023071}]",10577.11
13,v2-warm-a,"[""P""]",3,"[""437:3:121"", ""439:3:126"", ""442:3:131"", ""446:3:134""]",2847.838174742,863.02,"{""model"": ""jev-1.13.0"", ""answer"": {""type"": ""choice"", ""choice"": ""insufficient_evidence"", ""confidence"": 0.82, ""probabilities"": {""aqua-minerale-0-5l"": 0.0, ""saint-spring-0-75l"": 0.0, ""senezhskaya-0-5l"": 0.0, ""domik-v-derevne-2-5-930ml"": 0.08, ""insufficient_evidence"": 0.84, ""prostokvashino-2-5-930ml"": 0.06, ""dobryi-cola-no-sugar-0-5l"": 0.0, ""stantsiya-molochnaya-kefir-1-0-430g"": 0.0, ""other_product"": 0.02}}, ""usage"": {""input_tokens"": 2375, ""output_tokens"": 178}, ""status"": ""needs_more_evidence"", ""exact_sku_verified"": false}",,"[{""text"": ""2,5%"", ""score"": 0.9589107632637024}, {""text"": ""681"", ""score"": 0.3961172103881836}, {""text"": ""802"", ""score"": 0.34914565086364746}, {""text"": ""МОЛОКО"", ""score"": 0.886040210723877}]",17097.37
14,v3-warm-a,"[""P""]",1,"[""452:1:137""]",2856.286910508,855.49,"{""model"": ""jev-1.13.0"", ""answer"": {""type"": ""choice"", ""choice"": ""insufficient_evidence"", ""confidence"": 0.81, ""probabilities"": {""dobryi-cola-no-sugar-0-5l"": 0.0, ""senezhskaya-0-5l"": 0.0, ""other_product"": 0.02, ""prostokvashino-2-5-930ml"": 0.05, ""domik-v-derevne-2-5-930ml"": 0.09, ""insufficient_evidence"": 0.84, ""aqua-minerale-0-5l"": 0.0, ""saint-spring-0-75l"": 0.0, ""stantsiya-molochnaya-kefir-1-0-430g"": 0.0}}, ""usage"": {""input_tokens"": 2337, ""output_tokens"": 178}, ""status"": ""needs_more_evidence"", ""exact_sku_verified"": false}",,"[{""text"": ""2,5%"", ""score"": 0.945024847984314}, {""text"": ""U1"", ""score"": 0.39244168996810913}, {""text"": ""МОЛОКО"", ""score"": 0.900402843952179}]",0.29
15,v3-warm-a,"[""D""]",3,"[""452:3:139""]",2857.005242078,819.83,"{""model"": ""jev-1.13.0"", ""answer"": {""type"": ""choice"", ""choice"": ""insufficient_evidence"", ""confidence"": 0.77, ""probabilities"": {""stantsiya-molochnaya-kefir-1-0-430g"": 0.01, ""senezhskaya-0-5l"": 0.01, ""other_product"": 0.05, ""dobryi-cola-no-sugar-0-5l"": 0.01, ""insufficient_evidence"": 0.8, ""saint-spring-0-75l"": 0.05, ""prostokvashino-2-5-930ml"": 0.01, ""domik-v-derevne-2-5-930ml"": 0.03, ""aqua-minerale-0-5l"": 0.03}}, ""usage"": {""input_tokens"": 2367, ""output_tokens"": 178}, ""status"": ""needs_more_evidence"", ""exact_sku_verified"": false}",,"[{""text"": ""382"", ""score"": 0.26122021675109863}, {""text"": ""BE"", ""score"": 0.9634328484535217}, {""text"": ""io"", ""score"": 0.665249228477478}, {""text"": ""nРО"", ""score"": 0.5384777784347534}]",0.18
16,v3-warm-a,"[""A""]",4,"[""452:4:140""]",2857.223042632,886.81,"{""model"": ""jev-1.13.0"", ""answer"": {""type"": ""choice"", ""choice"": ""aqua-minerale-0-5l"", ""confidence"": 0.5, ""probabilities"": {""domik-v-derevne-2-5-930ml"": 0.01, ""other_product"": 0.05, ""senezhskaya-0-5l"": 0.01, ""stantsiya-molochnaya-kefir-1-0-430g"": 0.01, ""aqua-minerale-0-5l"": 0.56, ""saint-spring-0-75l"": 0.0, ""dobryi-cola-no-sugar-0-5l"": 0.0, ""prostokvashino-2-5-930ml"": 0.0, ""insufficient_evidence"": 0.36}}, ""usage"": {""input_tokens"": 2297, ""output_tokens"": 181}, ""status"": ""candidate"", ""exact_sku_verified"": false}",,"[{""text"": ""AKB"", ""score"": 0.9812813401222229}, {""text"": ""CKA"", ""score"": 0.9698147177696228}]",0.21
17,v3-warm-a,"[""S""]",5,"[""453:5:142""]",2857.452206306,871.88,"{""model"": ""jev-1.13.0"", ""answer"": {""type"": ""choice"", ""choice"": ""senezhskaya-0-5l"", ""confidence"": 0.98, ""probabilities"": {""domik-v-derevne-2-5-930ml"": 0.0, ""other_product"": 0.0, ""stantsiya-molochnaya-kefir-1-0-430g"": 0.0, ""senezhskaya-0-5l"": 0.99, ""insufficient_evidence"": 0.01, ""saint-spring-0-75l"": 0.0, ""prostokvashino-2-5-930ml"": 0.0, ""dobryi-cola-no-sugar-0-5l"": 0.0, ""aqua-minerale-0-5l"": 0.0}}, ""usage"": {""input_tokens"": 2265, ""output_tokens"": 181}, ""status"": ""candidate"", ""exact_sku_verified"": false}",,"[{""text"": ""CEНЕЖCKА"", ""score"": 0.566695511341095}]",0.2
18,v3-warm-a,"[""W""]",7,"[""463:7:160""]",2864.518449051,846.17,"{""model"": ""jev-1.13.0"", ""answer"": {""type"": ""choice"", ""choice"": ""insufficient_evidence"", ""confidence"": 0.87, ""probabilities"": {""dobryi-cola-no-sugar-0-5l"": 0.0, ""insufficient_evidence"": 0.89, ""stantsiya-molochnaya-kefir-1-0-430g"": 0.0, ""aqua-minerale-0-5l"": 0.01, ""prostokvashino-2-5-930ml"": 0.02, ""domik-v-derevne-2-5-930ml"": 0.07, ""senezhskaya-0-5l"": 0.0, ""other_product"": 0.01, ""saint-spring-0-75l"": 0.0}}, ""usage"": {""input_tokens"": 2264, ""output_tokens"": 178}, ""status"": ""needs_more_evidence"", ""exact_sku_verified"": false}",,"[{""text"": ""2,50"", ""score"": 0.7720906734466553}]",0.18
19,v3-warm-a,"[""D""]",2,"[""461:2:157"", ""466:2:163""]",2866.19303332,874.04,"{""model"": ""jev-1.13.0"", ""answer"": {""type"": ""choice"", ""choice"": ""insufficient_evidence"", ""confidence"": 0.69, ""probabilities"": {""senezhskaya-0-5l"": 0.02, ""saint-spring-0-75l"": 0.09, ""domik-v-derevne-2-5-930ml"": 0.02, ""aqua-minerale-0-5l"": 0.05, ""stantsiya-molochnaya-kefir-1-0-430g"": 0.02, ""other_product"": 0.05, ""prostokvashino-2-5-930ml"": 0.02, ""insufficient_evidence"": 0.72, ""dobryi-cola-no-sugar-0-5l"": 0.01}}, ""usage"": {""input_tokens"": 2370, ""output_tokens"": 178}, ""status"": ""needs_more_evidence"", ""exact_sku_verified"": false}",,"[{""text"": ""033"", ""score"": 0.9785776138305664}, {""text"": ""AE"", ""score"": 0.6068745255470276}, {""text"": ""T BИCЛEPТ"", ""score"": 0.3619174361228943}, {""text"": ""UCT"", ""score"": 0.855008602142334}]",0.18
20,v3-warm-a,"[""P""]",1,"[""452:1:137"", ""455:1:146"", ""459:1:152"", ""463:1:158"", ""468:1:167""]",2870.067858704,949.42,"{""model"": ""jev-1.13.0"", ""answer"": {""type"": ""choice"", ""choice"": ""insufficient_evidence"", ""confidence"": 0.69, ""probabilities"": {""other_product"": 0.02, ""saint-spring-0-75l"": 0.0, ""senezhskaya-0-5l"": 0.0, ""aqua-minerale-0-5l"": 0.0, ""prostokvashino-2-5-930ml"": 0.08, ""dobryi-cola-no-sugar-0-5l"": 0.0, ""insufficient_evidence"": 0.74, ""domik-v-derevne-2-5-930ml"": 0.16, ""stantsiya-molochnaya-kefir-1-0-430g"": 0.0}}, ""usage"": {""input_tokens"": 2413, ""output_tokens"": 178}, ""status"": ""needs_more_evidence"", ""exact_sku_verified"": false}",,"[{""text"": ""0812"", ""score"": 0.4889952540397644}, {""text"": ""2,5%"", ""score"": 0.9770960211753845}, {""text"": ""8812"", ""score"": 0.3484700918197632}, {""text"": ""U1"", ""score"": 0.39244168996810913}, {""text"": ""МОЛОКО"", ""score"": 0.9207799434661865}]",2634.6
21,v3-warm-a,"[""A""]",4,"[""452:4:140"", ""455:4:149"", ""459:4:153"", ""463:4:159"", ""467:4:165""]",2871.017394508,945.25,"{""model"": ""jev-1.13.0"", ""answer"": {""type"": ""choice"", ""choice"": ""insufficient_evidence"", ""confidence"": 0.44, ""probabilities"": {""stantsiya-molochnaya-kefir-1-0-430g"": 0.04, ""prostokvashino-2-5-930ml"": 0.01, ""senezhskaya-0-5l"": 0.01, ""saint-spring-0-75l"": 0.0, ""insufficient_evidence"": 0.5, ""other_product"": 0.07, ""dobryi-cola-no-sugar-0-5l"": 0.0, ""aqua-minerale-0-5l"": 0.36, ""domik-v-derevne-2-5-930ml"": 0.01}}, ""usage"": {""input_tokens"": 2330, ""output_tokens"": 178}, ""status"": ""needs_more_evidence"", ""exact_sku_verified"": false}",,"[{""text"": ""AKB"", ""score"": 0.990189254283905}, {""text"": ""CK"", ""score"": 0.9483124017715454}, {""text"": ""CKA"", ""score"": 0.9698147177696228}]",4285.63
22,v3-warm-a,"[""W""]",7,"[""463:7:160"", ""467:7:166""]",2877.963619376,942.78,"{""model"": ""jev-1.13.0"", ""answer"": {""type"": ""choice"", ""choice"": ""insufficient_evidence"", ""confidence"": 0.74, ""probabilities"": {""insufficient_evidence"": 0.77, ""saint-spring-0-75l"": 0.0, ""other_product"": 0.09, ""aqua-minerale-0-5l"": 0.01, ""senezhskaya-0-5l"": 0.0, ""domik-v-derevne-2-5-930ml"": 0.07, ""dobryi-cola-no-sugar-0-5l"": 0.0, ""stantsiya-molochnaya-kefir-1-0-430g"": 0.01, ""prostokvashino-2-5-930ml"": 0.05}}, ""usage"": {""input_tokens"": 2299, ""output_tokens"": 178}, ""status"": ""needs_more_evidence"", ""exact_sku_verified"": false}",,"[{""text"": ""2,50"", ""score"": 0.7720906734466553}, {""text"": ""3He"", ""score"": 0.5226054787635803}]",11034.04
23,v1-warm,"[""A""]",2,"[""478:2:173""]",2895.215775537,838.53,"{""model"": ""jev-1.13.0"", ""answer"": {""type"": ""choice"", ""choice"": ""aqua-minerale-0-5l"", ""confidence"": 0.79, ""probabilities"": {""dobryi-cola-no-sugar-0-5l"": 0.0, ""saint-spring-0-75l"": 0.0, ""domik-v-derevne-2-5-930ml"": 0.0, ""prostokvashino-2-5-930ml"": 0.0, ""insufficient_evidence"": 0.17, ""other_product"": 0.01, ""aqua-minerale-0-5l"": 0.81, ""senezhskaya-0-5l"": 0.0, ""stantsiya-molochnaya-kefir-1-0-430g"": 0.0}}, ""usage"": {""input_tokens"": 2260, ""output_tokens"": 181}, ""status"": ""candidate"", ""exact_sku_verified"": false}",,"[{""text"": ""AKBA"", ""score"": 0.98138028383255}]",0.19
24,v1-warm,"[""S""]",2,"[""487:2:180""]",2900.518203152,912.95,"{""model"": ""jev-1.13.0"", ""answer"": {""type"": ""choice"", ""choice"": ""senezhskaya-0-5l"", ""confidence"": 0.99, ""probabilities"": {""senezhskaya-0-5l"": 1.0, ""domik-v-derevne-2-5-930ml"": 0.0, ""saint-spring-0-75l"": 0.0, ""stantsiya-molochnaya-kefir-1-0-430g"": 0.0, ""aqua-minerale-0-5l"": 0.0, ""insufficient_evidence"": 0.0, ""dobryi-cola-no-sugar-0-5l"": 0.0, ""prostokvashino-2-5-930ml"": 0.0, ""other_product"": 0.0}}, ""usage"": {""input_tokens"": 2356, ""output_tokens"": 181}, ""status"": ""candidate"", ""exact_sku_verified"": false}",,"[{""text"": ""НЕГАЗНРОВАННАЯ"", ""score"": 0.7675383687019348}, {""text"": ""пЮТьЕВАН"", ""score"": 0.448184609413147}, {""text"": ""СЕНЕЖСКAЯ"", ""score"": 0.6695891618728638}]",0.18
25,v1-warm,"[""S""]",5,"[""499:5:194""]",2907.426045631,912.0,"{""model"": ""jev-1.13.0"", ""answer"": {""type"": ""choice"", ""choice"": ""senezhskaya-0-5l"", ""confidence"": 0.94, ""probabilities"": {""stantsiya-molochnaya-kefir-1-0-430g"": 0.0, ""saint-spring-0-75l"": 0.0, ""domik-v-derevne-2-5-930ml"": 0.0, ""dobryi-cola-no-sugar-0-5l"": 0.0, ""senezhskaya-0-5l"": 0.95, ""other_product"": 0.01, ""aqua-minerale-0-5l"": 0.0, ""prostokvashino-2-5-930ml"": 0.01, ""insufficient_evidence"": 0.03}}, ""usage"": {""input_tokens"": 2311, ""output_tokens"": 181}, ""status"": ""candidate"", ""exact_sku_verified"": false}",,"[{""text"": ""пнтосоля"", ""score"": 0.27465906739234924}, {""text"": ""СЕНЕЖСКAЯ"", ""score"": 0.6482658982276917}]",0.26
26,v1-warm,"[""A""]",3,"[""525:3:245""]",2922.70988502,819.15,"{""model"": ""jev-1.13.0"", ""answer"": {""type"": ""choice"", ""choice"": ""aqua-minerale-0-5l"", ""confidence"": 0.72, ""probabilities"": {""insufficient_evidence"": 0.21000000000000002, ""dobryi-cola-no-sugar-0-5l"": 0.0, ""prostokvashino-2-5-930ml"": 0.0, ""other_product"": 0.03, ""senezhskaya-0-5l"": 0.0, ""domik-v-derevne-2-5-930ml"": 0.0, ""saint-spring-0-75l"": 0.0, ""stantsiya-molochnaya-kefir-1-0-430g"": 0.0, ""aqua-minerale-0-5l"": 0.76}}, ""usage"": {""input_tokens"": 2296, ""output_tokens"": 181}, ""status"": ""candidate"", ""exact_sku_verified"": false}",,"[{""text"": ""AKBA"", ""score"": 0.9821045994758606}, {""text"": ""CAA"", ""score"": 0.5056195855140686}]",0.15
27,v1-warm,"[""P""]",2,"[""535:2:264""]",2929.220231455,856.32,"{""model"": ""jev-1.13.0"", ""answer"": {""type"": ""choice"", ""choice"": ""insufficient_evidence"", ""confidence"": 0.83, ""probabilities"": {""senezhskaya-0-5l"": 0.0, ""dobryi-cola-no-sugar-0-5l"": 0.0, ""saint-spring-0-75l"": 0.0, ""prostokvashino-2-5-930ml"": 0.04, ""other_product"": 0.01, ""domik-v-derevne-2-5-930ml"": 0.1, ""stantsiya-molochnaya-kefir-1-0-430g"": 0.0, ""insufficient_evidence"": 0.85, ""aqua-minerale-0-5l"": 0.0}}, ""usage"": {""input_tokens"": 2303, ""output_tokens"": 178}, ""status"": ""needs_more_evidence"", ""exact_sku_verified"": false}",,"[{""text"": ""2,5%"", ""score"": 0.9637609720230103}, {""text"": ""МОЛОКО"", ""score"": 0.9061595797538757}]",0.19
28,v1-warm,"[""D""]",6,"[""536:6:266""]",2930.662371659,10026.91,,RuntimeError,"[{""text"": ""OMUK"", ""score"": 0.4803677797317505}, {""text"": ""БОЛЬШЕ"", ""score"": 0.9682127833366394}, {""text"": ""Вдеревне"", ""score"": 0.6365007162094116}, {""text"": ""СВЯТC"", ""score"": 0.6144527196884155}, {""text"": ""УЗНАТЬ"", ""score"": 0.8416313529014587}, {""text"": ""УСТОЧИ"", ""score"": 0.5747949481010437}, {""text"": ""ФЕПМ"", ""score"": 0.7156755924224854}]",0.25
29,v1-warm,"[""P""]",2,"[""535:2:264"", ""543:2:270"", ""548:2:273""]",2942.689729938,842.82,"{""model"": ""jev-1.13.0"", ""answer"": {""type"": ""choice"", ""choice"": ""insufficient_evidence"", ""confidence"": 0.82, ""probabilities"": {""aqua-minerale-0-5l"": 0.0, ""saint-spring-0-75l"": 0.0, ""senezhskaya-0-5l"": 0.0, ""domik-v-derevne-2-5-930ml"": 0.09, ""insufficient_evidence"": 0.84, ""prostokvashino-2-5-930ml"": 0.05, ""dobryi-cola-no-sugar-0-5l"": 0.0, ""stantsiya-molochnaya-kefir-1-0-430g"": 0.0, ""other_product"": 0.02}}, ""usage"": {""input_tokens"": 2338, ""output_tokens"": 178}, ""status"": ""needs_more_evidence"", ""exact_sku_verified"": false}",,"[{""text"": ""2,5%"", ""score"": 0.9867290258407593}, {""text"": ""LR"", ""score"": 0.17540530860424042}, {""text"": ""МОЛОКО"", ""score"": 0.9061595797538757}]",4861.56
30,v1-warm,"[""D""]",6,"[""536:6:266"", ""540:6:269"", ""544:6:271"", ""548:6:274""]",2953.534160407,835.33,"{""model"": ""jev-1.13.0"", ""answer"": {""type"": ""choice"", ""choice"": ""domik-v-derevne-2-5-930ml"", ""confidence"": 0.96, ""probabilities"": {""aqua-minerale-0-5l"": 0.0, ""stantsiya-molochnaya-kefir-1-0-430g"": 0.0, ""dobryi-cola-no-sugar-0-5l"": 0.0, ""other_product"": 0.01, ""senezhskaya-0-5l"": 0.0, ""insufficient_evidence"": 0.01, ""prostokvashino-2-5-930ml"": 0.0, ""saint-spring-0-75l"": 0.01, ""domik-v-derevne-2-5-930ml"": 0.97}}, ""usage"": {""input_tokens"": 2791, ""output_tokens"": 187}, ""status"": ""candidate"", ""exact_sku_verified"": false}",,"[{""text"": ""Domиk"", ""score"": 0.6371315121650696}, {""text"": ""MОΛОK"", ""score"": 0.4948347508907318}, {""text"": ""omu"", ""score"": 0.5301225781440735}, {""text"": ""OMUK"", ""score"": 0.4803677797317505}, {""text"": ""uc"", ""score"": 0.43470749258995056}, {""text"": ""БОЛЬШЕ"", ""score"": 0.9682127833366394}, {""text"": ""Вдеревне"", ""score"": 0.6365007162094116}, {""text"": ""КАЧЕСТВО"", ""score"": 0.9884412884712219}, {""text"": ""омик"", ""score"": 0.4167231321334839}, {""text"": ""СВЯТC"", ""score"": 0.6144527196884155}, {""text"": ""СВЯТС"", ""score"": 0.5672020316123962}, {""text"": ""УЗНАТЬ"", ""score"": 0.8416313529014587}, {""text"": ""УСТОЧИ"", ""score"": 0.5747949481010437}, {""text"": ""ФЕПМ"", ""score"": 0.7156755924224854}, {""text"": ""ФЕРМ"", ""score"": 0.7265439629554749}]",14770.84
31,v2-warm-b,"[""P""]",3,"[""551:3:277""]",2961.696369281,893.11,"{""model"": ""jev-1.13.0"", ""answer"": {""type"": ""choice"", ""choice"": ""insufficient_evidence"", ""confidence"": 0.82, ""probabilities"": {""aqua-minerale-0-5l"": 0.0, ""saint-spring-0-75l"": 0.0, ""senezhskaya-0-5l"": 0.0, ""domik-v-derevne-2-5-930ml"": 0.1, ""insufficient_evidence"": 0.84, ""prostokvashino-2-5-930ml"": 0.05, ""dobryi-cola-no-sugar-0-5l"": 0.0, ""stantsiya-molochnaya-kefir-1-0-430g"": 0.0, ""other_product"": 0.01}}, ""usage"": {""input_tokens"": 2303, ""output_tokens"": 178}, ""status"": ""needs_more_evidence"", ""exact_sku_verified"": false}",,"[{""text"": ""2,5%"", ""score"": 0.9620616436004639}, {""text"": ""МОЛОКО"", ""score"": 0.8802745342254639}]",0.21
32,v2-warm-b,"[""S""]",5,"[""552:5:282""]",2962.563911993,10036.22,,RuntimeError,"[{""text"": ""СЕНЕЖСКАЯ"", ""score"": 0.7768042087554932}]",0.16
33,v2-warm-b,"[""W""]",2,"[""558:2:291""]",2967.03711442,10824.34,"{""model"": ""jev-1.13.0"", ""answer"": {""type"": ""choice"", ""choice"": ""insufficient_evidence"", ""confidence"": 0.85, ""probabilities"": {""senezhskaya-0-5l"": 0.01, ""insufficient_evidence"": 0.86, ""stantsiya-molochnaya-kefir-1-0-430g"": 0.01, ""saint-spring-0-75l"": 0.06, ""aqua-minerale-0-5l"": 0.01, ""prostokvashino-2-5-930ml"": 0.01, ""domik-v-derevne-2-5-930ml"": 0.02, ""dobryi-cola-no-sugar-0-5l"": 0.0, ""other_product"": 0.02}}, ""usage"": {""input_tokens"": 2261, ""output_tokens"": 178}, ""status"": ""needs_more_evidence"", ""exact_sku_verified"": false}",,"[{""text"": ""onis"", ""score"": 0.6747888326644897}]",6.87
34,v2-warm-b,"[""P""]",3,"[""551:3:277"", ""554:3:287"", ""558:3:292"", ""562:3:297""]",2974.60084555,947.62,"{""model"": ""jev-1.13.0"", ""answer"": {""type"": ""choice"", ""choice"": ""insufficient_evidence"", ""confidence"": 0.72, ""probabilities"": {""stantsiya-molochnaya-kefir-1-0-430g"": 0.0, ""aqua-minerale-0-5l"": 0.0, ""other_product"": 0.03, ""prostokvashino-2-5-930ml"": 0.1, ""dobryi-cola-no-sugar-0-5l"": 0.0, ""domik-v-derevne-2-5-930ml"": 0.12, ""senezhskaya-0-5l"": 0.0, ""saint-spring-0-75l"": 0.0, ""insufficient_evidence"": 0.75}}, ""usage"": {""input_tokens"": 2418, ""output_tokens"": 178}, ""status"": ""needs_more_evidence"", ""exact_sku_verified"": false}",,"[{""text"": ""2,5%"", ""score"": 0.9674730896949768}, {""text"": ""6U5112"", ""score"": 0.43820515275001526}, {""text"": ""6U81121"", ""score"": 0.42736873030662537}, {""text"": ""82"", ""score"": 0.3674461245536804}, {""text"": ""МОЛОКО"", ""score"": 0.892039954662323}]",4474.82
35,v2-warm-b,"[""S""]",5,"[""552:5:282"", ""555:5:288"", ""559:5:293""]",2984.86311322,800.15,"{""model"": ""jev-1.13.0"", ""answer"": {""type"": ""choice"", ""choice"": ""senezhskaya-0-5l"", ""confidence"": 0.99, ""probabilities"": {""senezhskaya-0-5l"": 0.99, ""stantsiya-molochnaya-kefir-1-0-430g"": 0.0, ""prostokvashino-2-5-930ml"": 0.0, ""saint-spring-0-75l"": 0.0, ""insufficient_evidence"": 0.01, ""aqua-minerale-0-5l"": 0.0, ""dobryi-cola-no-sugar-0-5l"": 0.0, ""other_product"": 0.0, ""domik-v-derevne-2-5-930ml"": 0.0}}, ""usage"": {""input_tokens"": 2346, ""output_tokens"": 181}, ""status"": ""candidate"", ""exact_sku_verified"": false}",,"[{""text"": ""CEHЕЖCKA"", ""score"": 0.588487982749939}, {""text"": ""CEHЕЖCKА"", ""score"": 0.5509895086288452}, {""text"": ""СЕНЕЖСКАЯ"", ""score"": 0.7768042087554932}]",16782.31
36,v3-warm-b,"[""P""]",1,"[""567:1:301""]",2995.202269958,843.99,"{""model"": ""jev-1.13.0"", ""answer"": {""type"": ""choice"", ""choice"": ""insufficient_evidence"", ""confidence"": 0.79, ""probabilities"": {""prostokvashino-2-5-930ml"": 0.06, ""insufficient_evidence"": 0.82, ""aqua-minerale-0-5l"": 0.0, ""senezhskaya-0-5l"": 0.0, ""domik-v-derevne-2-5-930ml"": 0.1, ""other_product"": 0.02, ""stantsiya-molochnaya-kefir-1-0-430g"": 0.0, ""saint-spring-0-75l"": 0.0, ""dobryi-cola-no-sugar-0-5l"": 0.0}}, ""usage"": {""input_tokens"": 2337, ""output_tokens"": 178}, ""status"": ""needs_more_evidence"", ""exact_sku_verified"": false}",,"[{""text"": ""2,5%"", ""score"": 0.945024847984314}, {""text"": ""U1"", ""score"": 0.39244168996810913}, {""text"": ""МОЛОКО"", ""score"": 0.900402843952179}]",0.21
37,v3-warm-b,"[""D""]",3,"[""567:3:303""]",2995.660138058,858.94,"{""model"": ""jev-1.13.0"", ""answer"": {""type"": ""choice"", ""choice"": ""insufficient_evidence"", ""confidence"": 0.74, ""probabilities"": {""saint-spring-0-75l"": 0.06, ""aqua-minerale-0-5l"": 0.03, ""prostokvashino-2-5-930ml"": 0.01, ""other_product"": 0.06, ""domik-v-derevne-2-5-930ml"": 0.03, ""insufficient_evidence"": 0.78, ""senezhskaya-0-5l"": 0.01, ""stantsiya-molochnaya-kefir-1-0-430g"": 0.01, ""dobryi-cola-no-sugar-0-5l"": 0.01}}, ""usage"": {""input_tokens"": 2367, ""output_tokens"": 178}, ""status"": ""needs_more_evidence"", ""exact_sku_verified"": false}",,"[{""text"": ""382"", ""score"": 0.26122021675109863}, {""text"": ""BE"", ""score"": 0.9634328484535217}, {""text"": ""io"", ""score"": 0.665249228477478}, {""text"": ""nРО"", ""score"": 0.5384777784347534}]",0.24
38,v3-warm-b,"[""A""]",4,"[""567:4:304""]",2995.995671725,844.04,"{""model"": ""jev-1.13.0"", ""answer"": {""type"": ""choice"", ""choice"": ""aqua-minerale-0-5l"", ""confidence"": 0.44, ""probabilities"": {""stantsiya-molochnaya-kefir-1-0-430g"": 0.01, ""senezhskaya-0-5l"": 0.01, ""other_product"": 0.05, ""insufficient_evidence"": 0.42, ""dobryi-cola-no-sugar-0-5l"": 0.0, ""saint-spring-0-75l"": 0.0, ""prostokvashino-2-5-930ml"": 0.0, ""domik-v-derevne-2-5-930ml"": 0.0, ""aqua-minerale-0-5l"": 0.51}}, ""usage"": {""input_tokens"": 2297, ""output_tokens"": 181}, ""status"": ""candidate"", ""exact_sku_verified"": false}",,"[{""text"": ""AKB"", ""score"": 0.9812813401222229}, {""text"": ""CKA"", ""score"": 0.9698147177696228}]",0.24
39,v3-warm-b,"[""S""]",5,"[""568:5:306""]",2996.367127112,10030.1,,RuntimeError,"[{""text"": ""CEНЕЖCKА"", ""score"": 0.566695511341095}]",0.19
40,v3-warm-b,"[""W""]",2,"[""571:2:310""]",2998.293593217,842.58,"{""model"": ""jev-1.13.0"", ""answer"": {""type"": ""choice"", ""choice"": ""insufficient_evidence"", ""confidence"": 0.76, ""probabilities"": {""dobryi-cola-no-sugar-0-5l"": 0.1, ""other_product"": 0.04, ""prostokvashino-2-5-930ml"": 0.0, ""domik-v-derevne-2-5-930ml"": 0.03, ""aqua-minerale-0-5l"": 0.01, ""stantsiya-molochnaya-kefir-1-0-430g"": 0.0, ""saint-spring-0-75l"": 0.02, ""insufficient_evidence"": 0.78, ""senezhskaya-0-5l"": 0.02}}, ""usage"": {""input_tokens"": 2263, ""output_tokens"": 178}, ""status"": ""needs_more_evidence"", ""exact_sku_verified"": false}",,"[{""text"": ""DruS"", ""score"": 0.3538157343864441}]",0.29
