run,physical_id,expected_sku,first_detection_video_s,first_detection_frame_id,track_ids,first_ocr_submission_video_s,first_ocr_submission_request_id,first_ocr_completion_request_id,first_ocr_completion_video_of_crop_s,first_ocr_completion_observed,first_correct_candidate,first_correct_completed,crop_requests,accepted_submissions,ocr_runs,duplicate_skips,rejections,source_bottle_height_px,observed_detection_to_completed_wall_s,jev_calls,jev_errors,first_useful_brand_ocr_request,first_useful_brand_ocr_video_s,brand_ocr_note,first_useful_variant_ocr_request,exact_size_confirmed_by_ocr,first_clear_label_opportunity_source_s,opportunity_note,jev_censored_by_call_cap,first_submission_server_monotonic,first_completion_server_monotonic_estimate,first_brand_completion_server_monotonic_estimate
v1-ocr-cold,A,aqua-minerale-0-5l,1.726596,358,"[2, 4]",3.322726,361:2:4,361:2:4,3.322726,"{""request_id"": ""361:2:4"", ""browser_observed_wall_s"": 7.347}","{""browser_wall_since_play_s"": 7.847, ""browser_ms"": 7975.799999999814, ""track_id"": 2, ""choice"": ""aqua-minerale-0-5l"", ""confidence"": 0.77, ""source_video_time_latest"": 6.939285}","{""browser_wall_since_play_s"": 7.847, ""browser_ms"": 7975.799999999814, ""track_id"": 2, ""choice"": ""aqua-minerale-0-5l"", ""confidence"": 0.77, ""source_video_time_latest"": 6.939285}",59,3,3,0,"{""unknown_request"": 5, ""blurry"": 51}","{""n"": 75, ""median"": 1452.08, ""min"": 1153.02, ""p90"": 1529.69, ""max"": 1604.43}",5.165,2,0,361:2:4,3.322726,brand-supporting OCR; not SKU verification,,False,2,"manual inspected opportunity, not exact onset; readable brand versus generic label distinguished in ground-truth.md",False,2754.793121479,2756.6511320239997,2756.6511320239997
v1-ocr-cold,S,senezhskaya-0-5l,9.643809,372,"[2, 5]",9.643809,372:2:11,372:2:11,9.643809,"{""request_id"": ""372:2:11"", ""browser_observed_wall_s"": 12.201}","{""browser_wall_since_play_s"": 12.736, ""browser_ms"": 12865, ""track_id"": 2, ""choice"": ""senezhskaya-0-5l"", ""confidence"": 1, ""source_video_time_latest"": 11.763964}","{""browser_wall_since_play_s"": 12.736, ""browser_ms"": 12865, ""track_id"": 2, ""choice"": ""senezhskaya-0-5l"", ""confidence"": 1, ""source_video_time_latest"": 11.763964}",3,2,2,0,"{""blurry"": 1}","{""n"": 61, ""median"": 1181.15, ""min"": 993.35, ""p90"": 1437.14, ""max"": 1498.64}",2.099,2,0,372:2:11,9.643809,brand-supporting OCR; not SKU verification,372:2:11,False,10,"manual inspected opportunity, not exact onset; readable brand versus generic label distinguished in ground-truth.md",False,2761.180713657,2761.949464836,2761.949464836
v1-ocr-cold,W,saint-spring-0-75l,18.871625,387,"[2, 6, 8]",,,,,,,,24,0,0,0,"{""blurry"": 24}","{""n"": 26, ""median"": 1129.51, ""min"": 922.71, ""p90"": 1443.95, ""max"": 1534.59}",,0,0,,,none or generic/partial text only,,False,19,"manual inspected opportunity, not exact onset; readable brand versus generic label distinguished in ground-truth.md",False,,,
v1-ocr-cold,P,prostokvashino-2-5-930ml,27.408553,402,[2],38.140861,420:2:105,420:2:105,38.140861,"{""request_id"": ""420:2:105"", ""browser_observed_wall_s"": 40.076}",,,22,4,3,1,"{""blurry"": 18}","{""n"": 33, ""median"": 1531.0, ""min"": 1390.61, ""p90"": 1661.22, ""max"": 1682.85}",,1,0,,,none or generic/partial text only,420:2:105,False,28,"manual inspected opportunity, not exact onset; readable brand versus generic label distinguished in ground-truth.md",False,2789.711321189,2790.522075891,
v1-ocr-cold,D,domik-v-derevne-2-5-930ml,37.539617,419,[6],39.419704,422:6:109,422:6:109,39.419704,"{""request_id"": ""422:6:109"", ""browser_observed_wall_s"": 43.131}","{""browser_wall_since_play_s"": 44.205, ""browser_ms"": 44333.5, ""track_id"": 6, ""choice"": ""domik-v-derevne-2-5-930ml"", ""confidence"": 0.56, ""source_video_time_latest"": 43.246416}","{""browser_wall_since_play_s"": 56.889, ""browser_ms"": 57018.39999999991, ""track_id"": 6, ""choice"": ""domik-v-derevne-2-5-930ml"", ""confidence"": 0.77, ""source_video_time_latest"": null}",10,3,2,1,"{""blurry"": 5, ""unknown_request"": 1, ""throttled"": 1}","{""n"": 16, ""median"": 1752.57, ""min"": 1485.25, ""p90"": 1778.44, ""max"": 1874.19}",18.327,2,0,422:6:109,39.419704,brand-supporting OCR; not SKU verification,,False,39.4,"manual inspected opportunity, not exact onset; readable brand versus generic label distinguished in ground-truth.md",False,2791.369410944,2793.0685607849996,2793.0685607849996
v1-warm,A,aqua-minerale-0-5l,1.66636,473,"[2, 3]",4.412035,478:2:173,478:2:173,4.412035,"{""request_id"": ""478:2:173"", ""browser_observed_wall_s"": 6.851}","{""browser_wall_since_play_s"": 7.375, ""browser_ms"": 146020.8999999999, ""track_id"": 2, ""choice"": ""aqua-minerale-0-5l"", ""confidence"": 0.79, ""source_video_time_latest"": null}","{""browser_wall_since_play_s"": 7.375, ""browser_ms"": 146020.8999999999, ""track_id"": 2, ""choice"": ""aqua-minerale-0-5l"", ""confidence"": 0.79, ""source_video_time_latest"": null}",50,2,2,0,"{""blurry"": 43, ""unknown_request"": 5}","{""n"": 75, ""median"": 1454.95, ""min"": 1200.51, ""p90"": 1518.54, ""max"": 1598.31}",4.756,2,0,478:2:173,4.412035,brand-supporting OCR; not SKU verification,,False,2,"manual inspected opportunity, not exact onset; readable brand versus generic label distinguished in ground-truth.md",False,2894.413875614,2895.215585605,2895.215585605
v1-warm,S,senezhskaya-0-5l,9.721829,487,"[2, 5]",9.721829,487:2:180,487:2:180,9.721829,"{""request_id"": ""487:2:180"", ""browser_observed_wall_s"": 12.679}","{""browser_wall_since_play_s"": 12.679, ""browser_ms"": 151325.19999999972, ""track_id"": 2, ""choice"": ""senezhskaya-0-5l"", ""confidence"": 0.99, ""source_video_time_latest"": null}","{""browser_wall_since_play_s"": 12.679, ""browser_ms"": 151325.19999999972, ""track_id"": 2, ""choice"": ""senezhskaya-0-5l"", ""confidence"": 0.99, ""source_video_time_latest"": null}",3,2,2,0,"{""blurry"": 1}","{""n"": 60, ""median"": 1180.17, ""min"": 998.87, ""p90"": 1436.26, ""max"": 1500.57}",1.987,2,0,487:2:180,9.721829,brand-supporting OCR; not SKU verification,487:2:180,False,10,"manual inspected opportunity, not exact onset; readable brand versus generic label distinguished in ground-truth.md",False,2899.755016993,2900.518028108,2900.518028108
v1-warm,W,saint-spring-0-75l,18.640957,502,"[2, 6, 8]",,,,,,,,25,0,0,0,"{""blurry"": 25}","{""n"": 26, ""median"": 1121.17, ""min"": 913.74, ""p90"": 1492.09, ""max"": 1584.16}",,0,0,,,none or generic/partial text only,,False,19,"manual inspected opportunity, not exact onset; readable brand versus generic label distinguished in ground-truth.md",False,,,
v1-warm,P,prostokvashino-2-5-930ml,27.782793,518,[2],38.159605,535:2:264,535:2:264,38.159605,"{""request_id"": ""535:2:264"", ""browser_observed_wall_s"": 40.955}",,,22,4,3,1,"{""blurry"": 17, ""unknown_request"": 1}","{""n"": 31, ""median"": 1529.8, ""min"": 1394.61, ""p90"": 1704.9, ""max"": 1737.09}",,2,0,,,none or generic/partial text only,535:2:264,False,28,"manual inspected opportunity, not exact onset; readable brand versus generic label distinguished in ground-truth.md",False,2928.24102296,2929.2200432659997,
v1-warm,D,domik-v-derevne-2-5-930ml,37.558761,534,[6],38.774096,536:6:266,536:6:266,38.774096,"{""request_id"": ""536:6:266"", ""browser_observed_wall_s"": 41.729}","{""browser_wall_since_play_s"": 65.373, ""browser_ms"": 204018.59999999963, ""track_id"": 6, ""choice"": ""domik-v-derevne-2-5-930ml"", ""confidence"": 0.96, ""source_video_time_latest"": null}","{""browser_wall_since_play_s"": 65.373, ""browser_ms"": 204018.59999999963, ""track_id"": 6, ""choice"": ""domik-v-derevne-2-5-930ml"", ""confidence"": 0.96, ""source_video_time_latest"": null}",7,4,4,0,"{""blurry"": 2, ""throttled"": 1}","{""n"": 15, ""median"": 1754.75, ""min"": 1463.53, ""p90"": 1778.6, ""max"": 1810.23}",26.794,2,1,536:6:266,38.774096,brand-supporting OCR; not SKU verification,,False,39.4,"manual inspected opportunity, not exact onset; readable brand versus generic label distinguished in ground-truth.md",False,2929.17056339,2930.662117139,2930.662117139
v2-warm-a,A,aqua-minerale-0-5l,0.683088,437,[4],0.683088,437:4:122,437:4:122,0.683088,"{""request_id"": ""437:4:122"", ""browser_observed_wall_s"": 3.916}","{""browser_wall_since_play_s"": 5.041, ""browser_ms"": 75440.5, ""track_id"": 4, ""choice"": ""aqua-minerale-0-5l"", ""confidence"": 0.83, ""source_video_time_latest"": null}","{""browser_wall_since_play_s"": 5.041, ""browser_ms"": 75440.5, ""track_id"": 4, ""choice"": ""aqua-minerale-0-5l"", ""confidence"": 0.83, ""source_video_time_latest"": null}",2,2,1,0,{},"{""n"": 13, ""median"": 749.68, ""min"": 730.17, ""p90"": 964.68, ""max"": 1043.43}",3.421,1,0,437:4:122,0.683088,brand-supporting OCR; not SKU verification,,False,0,"manual inspected opportunity, not exact onset; readable brand versus generic label distinguished in ground-truth.md",False,2822.422550721,2824.537913938,2824.537913938
v2-warm-a,S,senezhskaya-0-5l,0.683088,437,[5],1.226769,438:5:124,438:5:124,1.226769,"{""request_id"": ""438:5:124"", ""browser_observed_wall_s"": 5.041}","{""browser_wall_since_play_s"": 6.09, ""browser_ms"": 76489.09999999963, ""track_id"": 5, ""choice"": ""senezhskaya-0-5l"", ""confidence"": 0.98, ""source_video_time_latest"": 4.214535}","{""browser_wall_since_play_s"": 6.09, ""browser_ms"": 76489.09999999963, ""track_id"": 5, ""choice"": ""senezhskaya-0-5l"", ""confidence"": 0.98, ""source_video_time_latest"": 4.214535}",2,2,1,0,{},"{""n"": 13, ""median"": 732.96, ""min"": 721.73, ""p90"": 958.93, ""max"": 1047.47}",4.469,1,0,438:5:124,1.226769,brand-supporting OCR; not SKU verification,,False,0,"manual inspected opportunity, not exact onset; readable brand versus generic label distinguished in ground-truth.md",False,2823.541496502,2825.135227389,2825.135227389
v2-warm-a,W,saint-spring-0-75l,0.683088,437,[2],3.055506,440:2:129,440:2:129,3.055506,"{""request_id"": ""440:2:129"", ""browser_observed_wall_s"": 6.11}",,,6,3,2,1,"{""blurry"": 3}","{""n"": 13, ""median"": 638.72, ""min"": 624.7, ""p90"": 767.99, ""max"": 835.98}",,0,0,,,none or generic/partial text only,,False,0,"manual inspected opportunity, not exact onset; readable brand versus generic label distinguished in ground-truth.md",False,2825.833789092,2826.573648556,
v2-warm-a,P,prostokvashino-2-5-930ml,0.683088,437,[3],0.683088,437:3:121,437:3:121,0.683088,"{""request_id"": ""437:3:121"", ""browser_observed_wall_s"": 3.916}",,,4,4,4,0,{},"{""n"": 13, ""median"": 911.7, ""min"": 890.71, ""p90"": 1116.7, ""max"": 1204.56}",,2,0,,,none or generic/partial text only,437:3:121,False,0,"manual inspected opportunity, not exact onset; readable brand versus generic label distinguished in ground-truth.md",False,2822.417817882,2824.1403155119997,
v2-warm-a,D,domik-v-derevne-2-5-930ml,0.683088,437,[1],0.683088,437:1:119,437:1:119,0.683088,"{""request_id"": ""437:1:119"", ""browser_observed_wall_s"": 2.747}",,,4,4,2,2,{},"{""n"": 13, ""median"": 928.63, ""min"": 913.08, ""p90"": 1169.25, ""max"": 1274.15}",,2,0,,,none or generic/partial text only,,False,,"manual inspected opportunity, not exact onset; readable brand versus generic label distinguished in ground-truth.md",False,2822.409232561,2823.330660423,
v2-warm-b,A,aqua-minerale-0-5l,0.693222,551,[4],1.951667,553:4:285,553:4:285,1.951667,"{""request_id"": ""553:4:285"", ""browser_observed_wall_s"": 4.428}",,,6,4,3,1,"{""blurry"": 2}","{""n"": 14, ""median"": 747.47, ""min"": 724.48, ""p90"": 967.4, ""max"": 1041.27}",,0,0,,,none or generic/partial text only,,False,0,"manual inspected opportunity, not exact onset; readable brand versus generic label distinguished in ground-truth.md",False,2962.741009085,2963.42712288,
v2-warm-b,S,senezhskaya-0-5l,0.693222,551,[5],1.252791,552:5:282,552:5:282,1.252791,"{""request_id"": ""552:5:282"", ""browser_observed_wall_s"": 3.41}","{""browser_wall_since_play_s"": 27.07, ""browser_ms"": 236018.3999999999, ""track_id"": 5, ""choice"": ""senezhskaya-0-5l"", ""confidence"": 0.99, ""source_video_time_latest"": null}","{""browser_wall_since_play_s"": 27.07, ""browser_ms"": 236018.3999999999, ""track_id"": 5, ""choice"": ""senezhskaya-0-5l"", ""confidence"": 0.99, ""source_video_time_latest"": null}",4,4,3,1,{},"{""n"": 14, ""median"": 735.73, ""min"": 721.75, ""p90"": 960.1, ""max"": 1043.82}",25.429,2,1,552:5:282,1.252791,brand-supporting OCR; not SKU verification,,False,0,"manual inspected opportunity, not exact onset; readable brand versus generic label distinguished in ground-truth.md",False,2962.021065344,2962.5637556019997,2962.5637556019997
v2-warm-b,W,saint-spring-0-75l,0.693222,551,[2],2.967501,554:2:286,554:2:286,2.967501,"{""request_id"": ""554:2:286"", ""browser_observed_wall_s"": 5.229}",,,6,3,2,1,"{""blurry"": 3}","{""n"": 14, ""median"": 641.38, ""min"": 623.33, ""p90"": 766.25, ""max"": 827.83}",,1,0,,,none or generic/partial text only,,False,0,"manual inspected opportunity, not exact onset; readable brand versus generic label distinguished in ground-truth.md",False,2963.744420369,2963.927026114,
v2-warm-b,P,prostokvashino-2-5-930ml,0.693222,551,[3],0.693222,551:3:277,551:3:277,0.693222,"{""request_id"": ""551:3:277"", ""browser_observed_wall_s"": 2.688}",,,4,4,4,0,{},"{""n"": 14, ""median"": 909.29, ""min"": 891.16, ""p90"": 1115.02, ""max"": 1185.79}",,2,0,,,none or generic/partial text only,551:3:277,False,0,"manual inspected opportunity, not exact onset; readable brand versus generic label distinguished in ground-truth.md",False,2960.999463319,2961.696156744,
v2-warm-b,D,domik-v-derevne-2-5-930ml,0.693222,551,[1],1.951667,553:1:283,553:1:283,1.951667,"{""request_id"": ""553:1:283"", ""browser_observed_wall_s"": 4.428}",,,6,4,2,2,"{""blurry"": 1, ""unknown_request"": 1}","{""n"": 14, ""median"": 928.79, ""min"": 913.83, ""p90"": 1169.03, ""max"": 1258.49}",,0,0,,,none or generic/partial text only,,False,,"manual inspected opportunity, not exact onset; readable brand versus generic label distinguished in ground-truth.md",False,2962.731541225,2963.184167058,
v3-warm-a,A,aqua-minerale-0-5l,0.710214,452,[4],0.710214,452:4:140,452:4:140,0.710214,"{""request_id"": ""452:4:140"", ""browser_observed_wall_s"": 3.604}","{""browser_wall_since_play_s"": 5.004, ""browser_ms"": 108495.79999999981, ""track_id"": 4, ""choice"": ""aqua-minerale-0-5l"", ""confidence"": 0.5, ""source_video_time_latest"": 3.787207}",,6,5,5,0,"{""throttled"": 1}","{""n"": 17, ""median"": 845.87, ""min"": 805.52, ""p90"": 888.3, ""max"": 889.11}",,2,0,,,none or generic/partial text only,,False,0,"manual inspected opportunity, not exact onset; readable brand versus generic label distinguished in ground-truth.md",False,2855.56490731,2857.222835996,
v3-warm-a,S,senezhskaya-0-5l,0.710214,452,[5],1.248902,453:5:142,453:5:142,1.248902,"{""request_id"": ""453:5:142"", ""browser_observed_wall_s"": 5.033}","{""browser_wall_since_play_s"": 5.004, ""browser_ms"": 108495.79999999981, ""track_id"": 5, ""choice"": ""senezhskaya-0-5l"", ""confidence"": 0.98, ""source_video_time_latest"": 3.787207}","{""browser_wall_since_play_s"": 5.004, ""browser_ms"": 108495.79999999981, ""track_id"": 5, ""choice"": ""senezhskaya-0-5l"", ""confidence"": 0.98, ""source_video_time_latest"": 3.787207}",1,1,1,0,{},"{""n"": 16, ""median"": 826.58, ""min"": 808.92, ""p90"": 967.55, ""max"": 1014.59}",3.325,1,0,453:5:142,1.248902,brand-supporting OCR; not SKU verification,,False,0,"manual inspected opportunity, not exact onset; readable brand versus generic label distinguished in ground-truth.md",False,2856.335696758,2857.4520060309997,2857.4520060309997
v3-warm-a,W,saint-spring-0-75l,0.710214,452,"[2, 6, 7]",5.822194,459:7:155,459:7:155,5.822194,"{""request_id"": ""459:7:155"", ""browser_observed_wall_s"": 9.172}",,,7,3,3,0,"{""blurry"": 4}","{""n"": 19, ""median"": 704.65, ""min"": 309.7, ""p90"": 761.54, ""max"": 774.35}",,2,0,,,none or generic/partial text only,,False,0,"manual inspected opportunity, not exact onset; readable brand versus generic label distinguished in ground-truth.md",False,2860.709967408,2861.616991107,
v3-warm-a,P,prostokvashino-2-5-930ml,0.710214,452,[1],0.710214,452:1:137,452:1:137,0.710214,"{""request_id"": ""452:1:137"", ""browser_observed_wall_s"": 3.593}",,,6,5,5,0,"{""blurry"": 1}","{""n"": 17, ""median"": 984.42, ""min"": 771.53, ""p90"": 1081.05, ""max"": 1083.82}",,2,0,,,none or generic/partial text only,452:1:137,False,0,"manual inspected opportunity, not exact onset; readable brand versus generic label distinguished in ground-truth.md",False,2855.555316842,2856.286624539,
v3-warm-a,D,domik-v-derevne-2-5-930ml,0.710214,452,"[2, 3]",0.710214,452:3:139,452:3:139,0.710214,"{""request_id"": ""452:3:139"", ""browser_observed_wall_s"": 3.604}",,,9,4,4,0,"{""throttled"": 1, ""blurry"": 3, ""unknown_request"": 1}","{""n"": 17, ""median"": 862.55, ""min"": 742.38, ""p90"": 1070.39, ""max"": 1112.39}",,2,0,,,none or generic/partial text only,,False,3.5,"manual inspected opportunity, not exact onset; readable brand versus generic label distinguished in ground-truth.md",False,2855.562521872,2857.005066431,
v3-warm-b,A,aqua-minerale-0-5l,0.703272,567,[4],0.703272,567:4:304,567:4:304,0.703272,"{""request_id"": ""567:4:304"", ""browser_observed_wall_s"": 3.524}","{""browser_wall_since_play_s"": 5.027, ""browser_ms"": 247748.5, ""track_id"": 4, ""choice"": ""aqua-minerale-0-5l"", ""confidence"": 0.44, ""source_video_time_latest"": 3.643612}",,5,5,5,0,{},"{""n"": 14, ""median"": 843.01, ""min"": 805.52, ""p90"": 876.77, ""max"": 888.66}",,1,0,,,none or generic/partial text only,,False,0,"manual inspected opportunity, not exact onset; readable brand versus generic label distinguished in ground-truth.md",True,2994.797797319,2995.995432997,
v3-warm-b,S,senezhskaya-0-5l,0.703272,567,"[3, 5]",1.261148,568:5:306,568:5:306,1.261148,"{""request_id"": ""568:5:306"", ""browser_observed_wall_s"": 3.524}",,,6,4,4,0,"{""blurry"": 2}","{""n"": 14, ""median"": 822.84, ""min"": 783.46, ""p90"": 970.57, ""max"": 1051.27}",,1,1,568:5:306,1.261148,brand-supporting OCR; not SKU verification,,False,0,"manual inspected opportunity, not exact onset; readable brand versus generic label distinguished in ground-truth.md",True,2995.886817661,2996.366939878,2996.366939878
v3-warm-b,W,saint-spring-0-75l,0.703272,567,"[2, 6, 7]",3.643612,571:2:310,571:2:310,3.643612,"{""request_id"": ""571:2:310"", ""browser_observed_wall_s"": 6.062}",,,8,4,4,0,"{""blurry"": 4}","{""n"": 16, ""median"": 716.91, ""min"": 234.75, ""p90"": 761.54, ""max"": 769.71}",,1,0,,,none or generic/partial text only,,False,0,"manual inspected opportunity, not exact onset; readable brand versus generic label distinguished in ground-truth.md",True,2998.136119973,2998.293303679,
v3-warm-b,P,prostokvashino-2-5-930ml,0.703272,567,[1],0.703272,567:1:301,567:1:301,0.703272,"{""request_id"": ""567:1:301"", ""browser_observed_wall_s"": 2.778}",,,5,5,5,0,{},"{""n"": 14, ""median"": 998.69, ""min"": 965.8, ""p90"": 1071.8, ""max"": 1078.19}",,1,0,579:1:325,11.017837,partial POCTO only; not confirmed brand,567:1:301,False,0,"manual inspected opportunity, not exact onset; readable brand versus generic label distinguished in ground-truth.md",True,2994.786004978,2995.202062958,3006.389074696
v3-warm-b,D,domik-v-derevne-2-5-930ml,0.703272,567,"[3, 8]",0.703272,567:3:303,567:3:303,0.703272,"{""request_id"": ""567:3:303"", ""browser_observed_wall_s"": 2.778}",,,4,4,4,0,{},"{""n"": 12, ""median"": 886.4, ""min"": 769.95, ""p90"": 1076.48, ""max"": 1104.86}",,1,0,,,none or generic/partial text only,,False,3.5,"manual inspected opportunity, not exact onset; readable brand versus generic label distinguished in ground-truth.md",True,2994.794201815,2995.6598994220003,
